name,price_change_percent
XB550AP EXTRA BASS Headphones (Black),82.3
14 Checkpoint Friendly Laptop Case,81.4
Sennheiser - CX 3.00 Earbud Headphones - Red,60.1
Leef Liacmwk000e1 iAccess iOS microSD Card Reader,59.0
Pro-Ject - Box E Digital-to-Analog Converter - Black,52.7
Sony - BC-TRX Battery Charger - Black,45.2
X6D X105-RF-X1-BBY Rechargeable Active RF/Bluetooth 3D Glasses Full HD,36.5
Sideclick - Universal Remote Attachment for Roku?? Streaming Players - Black,35.0
Vectros Bumper for 13 MacBook Pro Retina (Black),32.3
Apple iPhone SE Gold 16GB for Sprint ( MLY92LL/A ),31.1
Refurbished Jaybird F5-S-B Freedom F5 In-Ear Wireless Headphones - Carbon,26.1
Rand McNally 7 Connected Car Tablet Overdryve 7c,21.0
